filename,file_size,file_attributes,region_count,region_id,region_shape_attributes,region_attributes
01351B.jpg,272555,"{""caption"":"""",""public_domain"":""no"",""image_url"":""""}",19,0,"{""name"":""point"",""cx"":362,""cy"":748}",{}
01351B.jpg,272555,"{""caption"":"""",""public_domain"":""no"",""image_url"":""""}",19,1,"{""name"":""point"",""cx"":373,""cy"":744}",{}
01351B.jpg,272555,"{""caption"":"""",""public_domain"":""no"",""image_url"":""""}",19,2,"{""name"":""point"",""cx"":388,""cy"":745}",{}
01351B.jpg,272555,"{""caption"":"""",""public_domain"":""no"",""image_url"":""""}",19,3,"{""name"":""point"",""cx"":402,""cy"":752}",{}
01351B.jpg,272555,"{""caption"":"""",""public_domain"":""no"",""image_url"":""""}",19,4,"{""name"":""point"",""cx"":411,""cy"":762}",{}
01351B.jpg,272555,"{""caption"":"""",""public_domain"":""no"",""image_url"":""""}",19,5,"{""name"":""point"",""cx"":340,""cy"":815}",{}
01351B.jpg,272555,"{""caption"":"""",""public_domain"":""no"",""image_url"":""""}",19,6,"{""name"":""point"",""cx"":352,""cy"":814}",{}
01351B.jpg,272555,"{""caption"":"""",""public_domain"":""no"",""image_url"":""""}",19,7,"{""name"":""point"",""cx"":371,""cy"":817}",{}
01351B.jpg,272555,"{""caption"":"""",""public_domain"":""no"",""image_url"":""""}",19,8,"{""name"":""point"",""cx"":384,""cy"":826}",{}
01351B.jpg,272555,"{""caption"":"""",""public_domain"":""no"",""image_url"":""""}",19,9,"{""name"":""point"",""cx"":392,""cy"":837}",{}
01351B.jpg,272555,"{""caption"":"""",""public_domain"":""no"",""image_url"":""""}",19,10,"{""name"":""point"",""cx"":406,""cy"":783}",{}
01351B.jpg,272555,"{""caption"":"""",""public_domain"":""no"",""image_url"":""""}",19,11,"{""name"":""point"",""cx"":354,""cy"":759}",{}
01351B.jpg,272555,"{""caption"":"""",""public_domain"":""no"",""image_url"":""""}",19,12,"{""name"":""point"",""cx"":316,""cy"":882}",{}
01351B.jpg,272555,"{""caption"":"""",""public_domain"":""no"",""image_url"":""""}",19,13,"{""name"":""point"",""cx"":329,""cy"":881}",{}
01351B.jpg,272555,"{""caption"":"""",""public_domain"":""no"",""image_url"":""""}",19,14,"{""name"":""point"",""cx"":346,""cy"":885}",{}
01351B.jpg,272555,"{""caption"":"""",""public_domain"":""no"",""image_url"":""""}",19,15,"{""name"":""point"",""cx"":355,""cy"":893}",{}
01351B.jpg,272555,"{""caption"":"""",""public_domain"":""no"",""image_url"":""""}",19,16,"{""name"":""point"",""cx"":364,""cy"":905}",{}
01351B.jpg,272555,"{""caption"":"""",""public_domain"":""no"",""image_url"":""""}",19,17,"{""name"":""point"",""cx"":381,""cy"":850}",{}
01351B.jpg,272555,"{""caption"":"""",""public_domain"":""no"",""image_url"":""""}",19,18,"{""name"":""point"",""cx"":331,""cy"":826}",{}
01352B.jpg,224501,"{""caption"":"""",""public_domain"":""no"",""image_url"":""""}",19,0,"{""name"":""point"",""cx"":273,""cy"":770}",{}
01352B.jpg,224501,"{""caption"":"""",""public_domain"":""no"",""image_url"":""""}",19,1,"{""name"":""point"",""cx"":284,""cy"":767}",{}
01352B.jpg,224501,"{""caption"":"""",""public_domain"":""no"",""image_url"":""""}",19,2,"{""name"":""point"",""cx"":296,""cy"":767}",{}
01352B.jpg,224501,"{""caption"":"""",""public_domain"":""no"",""image_url"":""""}",19,3,"{""name"":""point"",""cx"":307,""cy"":770}",{}
01352B.jpg,224501,"{""caption"":"""",""public_domain"":""no"",""image_url"":""""}",19,4,"{""name"":""point"",""cx"":315,""cy"":777}",{}
01352B.jpg,224501,"{""caption"":"""",""public_domain"":""no"",""image_url"":""""}",19,5,"{""name"":""point"",""cx"":261,""cy"":830}",{}
01352B.jpg,224501,"{""caption"":"""",""public_domain"":""no"",""image_url"":""""}",19,6,"{""name"":""point"",""cx"":275,""cy"":827}",{}
01352B.jpg,224501,"{""caption"":"""",""public_domain"":""no"",""image_url"":""""}",19,7,"{""name"":""point"",""cx"":288,""cy"":830}",{}
01352B.jpg,224501,"{""caption"":"""",""public_domain"":""no"",""image_url"":""""}",19,8,"{""name"":""point"",""cx"":297,""cy"":835}",{}
01352B.jpg,224501,"{""caption"":"""",""public_domain"":""no"",""image_url"":""""}",19,9,"{""name"":""point"",""cx"":305,""cy"":842}",{}
01352B.jpg,224501,"{""caption"":"""",""public_domain"":""no"",""image_url"":""""}",19,10,"{""name"":""point"",""cx"":310,""cy"":790}",{}
01352B.jpg,224501,"{""caption"":"""",""public_domain"":""no"",""image_url"":""""}",19,11,"{""name"":""point"",""cx"":264,""cy"":778}",{}
01352B.jpg,224501,"{""caption"":"""",""public_domain"":""no"",""image_url"":""""}",19,12,"{""name"":""point"",""cx"":258,""cy"":892}",{}
01352B.jpg,224501,"{""caption"":"""",""public_domain"":""no"",""image_url"":""""}",19,13,"{""name"":""point"",""cx"":268,""cy"":889}",{}
01352B.jpg,224501,"{""caption"":"""",""public_domain"":""no"",""image_url"":""""}",19,14,"{""name"":""point"",""cx"":280,""cy"":889}",{}
01352B.jpg,224501,"{""caption"":"""",""public_domain"":""no"",""image_url"":""""}",19,15,"{""name"":""point"",""cx"":290,""cy"":892}",{}
01352B.jpg,224501,"{""caption"":"""",""public_domain"":""no"",""image_url"":""""}",19,16,"{""name"":""point"",""cx"":299,""cy"":898}",{}
01352B.jpg,224501,"{""caption"":"""",""public_domain"":""no"",""image_url"":""""}",19,17,"{""name"":""point"",""cx"":300,""cy"":854}",{}
01352B.jpg,224501,"{""caption"":"""",""public_domain"":""no"",""image_url"":""""}",19,18,"{""name"":""point"",""cx"":258,""cy"":841}",{}
01353B.jpg,238335,"{""caption"":"""",""public_domain"":""no"",""image_url"":""""}",19,0,"{""name"":""point"",""cx"":432,""cy"":742}",{}
01353B.jpg,238335,"{""caption"":"""",""public_domain"":""no"",""image_url"":""""}",19,1,"{""name"":""point"",""cx"":444,""cy"":742}",{}
01353B.jpg,238335,"{""caption"":"""",""public_domain"":""no"",""image_url"":""""}",19,2,"{""name"":""point"",""cx"":457,""cy"":748}",{}
01353B.jpg,238335,"{""caption"":"""",""public_domain"":""no"",""image_url"":""""}",19,3,"{""name"":""point"",""cx"":466,""cy"":757}",{}
01353B.jpg,238335,"{""caption"":"""",""public_domain"":""no"",""image_url"":""""}",19,4,"{""name"":""point"",""cx"":470,""cy"":769}",{}
01353B.jpg,238335,"{""caption"":"""",""public_domain"":""no"",""image_url"":""""}",19,5,"{""name"":""point"",""cx"":406,""cy"":800}",{}
01353B.jpg,238335,"{""caption"":"""",""public_domain"":""no"",""image_url"":""""}",19,6,"{""name"":""point"",""cx"":421,""cy"":799}",{}
01353B.jpg,238335,"{""caption"":"""",""public_domain"":""no"",""image_url"":""""}",19,7,"{""name"":""point"",""cx"":432,""cy"":804}",{}
01353B.jpg,238335,"{""caption"":"""",""public_domain"":""no"",""image_url"":""""}",19,8,"{""name"":""point"",""cx"":440,""cy"":813}",{}
01353B.jpg,238335,"{""caption"":"""",""public_domain"":""no"",""image_url"":""""}",19,9,"{""name"":""point"",""cx"":442,""cy"":824}",{}
01353B.jpg,238335,"{""caption"":"""",""public_domain"":""no"",""image_url"":""""}",19,10,"{""name"":""point"",""cx"":464,""cy"":780}",{}
01353B.jpg,238335,"{""caption"":"""",""public_domain"":""no"",""image_url"":""""}",19,11,"{""name"":""point"",""cx"":426,""cy"":750}",{}
01353B.jpg,238335,"{""caption"":"""",""public_domain"":""no"",""image_url"":""""}",19,12,"{""name"":""point"",""cx"":380,""cy"":852}",{}
01353B.jpg,238335,"{""caption"":"""",""public_domain"":""no"",""image_url"":""""}",19,13,"{""name"":""point"",""cx"":392,""cy"":853}",{}
01353B.jpg,238335,"{""caption"":"""",""public_domain"":""no"",""image_url"":""""}",19,14,"{""name"":""point"",""cx"":405,""cy"":859}",{}
01353B.jpg,238335,"{""caption"":"""",""public_domain"":""no"",""image_url"":""""}",19,15,"{""name"":""point"",""cx"":411,""cy"":867}",{}
01353B.jpg,238335,"{""caption"":"""",""public_domain"":""no"",""image_url"":""""}",19,16,"{""name"":""point"",""cx"":417,""cy"":879}",{}
01353B.jpg,238335,"{""caption"":"""",""public_domain"":""no"",""image_url"":""""}",19,17,"{""name"":""point"",""cx"":435,""cy"":834}",{}
01353B.jpg,238335,"{""caption"":"""",""public_domain"":""no"",""image_url"":""""}",19,18,"{""name"":""point"",""cx"":400,""cy"":805}",{}
01354B.jpg,246038,"{""caption"":"""",""public_domain"":""no"",""image_url"":""""}",19,0,"{""name"":""point"",""cx"":404,""cy"":790}",{}
01354B.jpg,246038,"{""caption"":"""",""public_domain"":""no"",""image_url"":""""}",19,1,"{""name"":""point"",""cx"":414,""cy"":787}",{}
01354B.jpg,246038,"{""caption"":"""",""public_domain"":""no"",""image_url"":""""}",19,2,"{""name"":""point"",""cx"":427,""cy"":791}",{}
01354B.jpg,246038,"{""caption"":"""",""public_domain"":""no"",""image_url"":""""}",19,3,"{""name"":""point"",""cx"":436,""cy"":797}",{}
01354B.jpg,246038,"{""caption"":"""",""public_domain"":""no"",""image_url"":""""}",19,4,"{""name"":""point"",""cx"":446,""cy"":808}",{}
01354B.jpg,246038,"{""caption"":"""",""public_domain"":""no"",""image_url"":""""}",19,5,"{""name"":""point"",""cx"":402,""cy"":856}",{}
01354B.jpg,246038,"{""caption"":"""",""public_domain"":""no"",""image_url"":""""}",19,6,"{""name"":""point"",""cx"":415,""cy"":850}",{}
01354B.jpg,246038,"{""caption"":"""",""public_domain"":""no"",""image_url"":""""}",19,7,"{""name"":""point"",""cx"":427,""cy"":852}",{}
01354B.jpg,246038,"{""caption"":"""",""public_domain"":""no"",""image_url"":""""}",19,8,"{""name"":""point"",""cx"":437,""cy"":858}",{}
01354B.jpg,246038,"{""caption"":"""",""public_domain"":""no"",""image_url"":""""}",19,9,"{""name"":""point"",""cx"":446,""cy"":865}",{}
01354B.jpg,246038,"{""caption"":"""",""public_domain"":""no"",""image_url"":""""}",19,10,"{""name"":""point"",""cx"":444,""cy"":819}",{}
01354B.jpg,246038,"{""caption"":"""",""public_domain"":""no"",""image_url"":""""}",19,11,"{""name"":""point"",""cx"":402,""cy"":799}",{}
01354B.jpg,246038,"{""caption"":"""",""public_domain"":""no"",""image_url"":""""}",19,12,"{""name"":""point"",""cx"":401,""cy"":917}",{}
01354B.jpg,246038,"{""caption"":"""",""public_domain"":""no"",""image_url"":""""}",19,13,"{""name"":""point"",""cx"":412,""cy"":913}",{}
01354B.jpg,246038,"{""caption"":"""",""public_domain"":""no"",""image_url"":""""}",19,14,"{""name"":""point"",""cx"":426,""cy"":914}",{}
01354B.jpg,246038,"{""caption"":"""",""public_domain"":""no"",""image_url"":""""}",19,15,"{""name"":""point"",""cx"":437,""cy"":920}",{}
01354B.jpg,246038,"{""caption"":"""",""public_domain"":""no"",""image_url"":""""}",19,16,"{""name"":""point"",""cx"":446,""cy"":925}",{}
01354B.jpg,246038,"{""caption"":"""",""public_domain"":""no"",""image_url"":""""}",19,17,"{""name"":""point"",""cx"":443,""cy"":876}",{}
01354B.jpg,246038,"{""caption"":"""",""public_domain"":""no"",""image_url"":""""}",19,18,"{""name"":""point"",""cx"":401,""cy"":862}",{}
01355B.jpg,257312,"{""caption"":"""",""public_domain"":""no"",""image_url"":""""}",19,0,"{""name"":""point"",""cx"":394,""cy"":775}",{}
01355B.jpg,257312,"{""caption"":"""",""public_domain"":""no"",""image_url"":""""}",19,1,"{""name"":""point"",""cx"":404,""cy"":775}",{}
01355B.jpg,257312,"{""caption"":"""",""public_domain"":""no"",""image_url"":""""}",19,2,"{""name"":""point"",""cx"":420,""cy"":777}",{}
01355B.jpg,257312,"{""caption"":"""",""public_domain"":""no"",""image_url"":""""}",19,3,"{""name"":""point"",""cx"":428,""cy"":783}",{}
01355B.jpg,257312,"{""caption"":"""",""public_domain"":""no"",""image_url"":""""}",19,4,"{""name"":""point"",""cx"":435,""cy"":794}",{}
01355B.jpg,257312,"{""caption"":"""",""public_domain"":""no"",""image_url"":""""}",19,5,"{""name"":""point"",""cx"":381,""cy"":832}",{}
01355B.jpg,257312,"{""caption"":"""",""public_domain"":""no"",""image_url"":""""}",19,6,"{""name"":""point"",""cx"":393,""cy"":831}",{}
01355B.jpg,257312,"{""caption"":"""",""public_domain"":""no"",""image_url"":""""}",19,7,"{""name"":""point"",""cx"":403,""cy"":833}",{}
01355B.jpg,257312,"{""caption"":"""",""public_domain"":""no"",""image_url"":""""}",19,8,"{""name"":""point"",""cx"":412,""cy"":840}",{}
01355B.jpg,257312,"{""caption"":"""",""public_domain"":""no"",""image_url"":""""}",19,9,"{""name"":""point"",""cx"":418,""cy"":849}",{}
01355B.jpg,257312,"{""caption"":"""",""public_domain"":""no"",""image_url"":""""}",19,10,"{""name"":""point"",""cx"":426,""cy"":804}",{}
01355B.jpg,257312,"{""caption"":"""",""public_domain"":""no"",""image_url"":""""}",19,11,"{""name"":""point"",""cx"":390,""cy"":786}",{}
01355B.jpg,257312,"{""caption"":"""",""public_domain"":""no"",""image_url"":""""}",19,12,"{""name"":""point"",""cx"":364,""cy"":891}",{}
01355B.jpg,257312,"{""caption"":"""",""public_domain"":""no"",""image_url"":""""}",19,13,"{""name"":""point"",""cx"":375,""cy"":888}",{}
01355B.jpg,257312,"{""caption"":"""",""public_domain"":""no"",""image_url"":""""}",19,14,"{""name"":""point"",""cx"":387,""cy"":889}",{}
01355B.jpg,257312,"{""caption"":"""",""public_domain"":""no"",""image_url"":""""}",19,15,"{""name"":""point"",""cx"":395,""cy"":894}",{}
01355B.jpg,257312,"{""caption"":"""",""public_domain"":""no"",""image_url"":""""}",19,16,"{""name"":""point"",""cx"":402,""cy"":903}",{}
01355B.jpg,257312,"{""caption"":"""",""public_domain"":""no"",""image_url"":""""}",19,17,"{""name"":""point"",""cx"":410,""cy"":861}",{}
01355B.jpg,257312,"{""caption"":"""",""public_domain"":""no"",""image_url"":""""}",19,18,"{""name"":""point"",""cx"":371,""cy"":841}",{}
01356B.jpg,236740,"{""caption"":"""",""public_domain"":""no"",""image_url"":""""}",19,0,"{""name"":""point"",""cx"":443,""cy"":765}",{}
01356B.jpg,236740,"{""caption"":"""",""public_domain"":""no"",""image_url"":""""}",19,1,"{""name"":""point"",""cx"":452,""cy"":763}",{}
01356B.jpg,236740,"{""caption"":"""",""public_domain"":""no"",""image_url"":""""}",19,2,"{""name"":""point"",""cx"":465,""cy"":766}",{}
01356B.jpg,236740,"{""caption"":"""",""public_domain"":""no"",""image_url"":""""}",19,3,"{""name"":""point"",""cx"":473,""cy"":772}",{}
01356B.jpg,236740,"{""caption"":"""",""public_domain"":""no"",""image_url"":""""}",19,4,"{""name"":""point"",""cx"":480,""cy"":781}",{}
01356B.jpg,236740,"{""caption"":"""",""public_domain"":""no"",""image_url"":""""}",19,5,"{""name"":""point"",""cx"":435,""cy"":821}",{}
01356B.jpg,236740,"{""caption"":"""",""public_domain"":""no"",""image_url"":""""}",19,6,"{""name"":""point"",""cx"":446,""cy"":818}",{}
01356B.jpg,236740,"{""caption"":"""",""public_domain"":""no"",""image_url"":""""}",19,7,"{""name"":""point"",""cx"":459,""cy"":822}",{}
01356B.jpg,236740,"{""caption"":"""",""public_domain"":""no"",""image_url"":""""}",19,8,"{""name"":""point"",""cx"":465,""cy"":829}",{}
01356B.jpg,236740,"{""caption"":"""",""public_domain"":""no"",""image_url"":""""}",19,9,"{""name"":""point"",""cx"":473,""cy"":840}",{}
01356B.jpg,236740,"{""caption"":"""",""public_domain"":""no"",""image_url"":""""}",19,10,"{""name"":""point"",""cx"":479,""cy"":794}",{}
01356B.jpg,236740,"{""caption"":"""",""public_domain"":""no"",""image_url"":""""}",19,11,"{""name"":""point"",""cx"":440,""cy"":773}",{}
01356B.jpg,236740,"{""caption"":"""",""public_domain"":""no"",""image_url"":""""}",19,12,"{""name"":""point"",""cx"":419,""cy"":875}",{}
01356B.jpg,236740,"{""caption"":"""",""public_domain"":""no"",""image_url"":""""}",19,13,"{""name"":""point"",""cx"":431,""cy"":873}",{}
01356B.jpg,236740,"{""caption"":"""",""public_domain"":""no"",""image_url"":""""}",19,14,"{""name"":""point"",""cx"":442,""cy"":875}",{}
01356B.jpg,236740,"{""caption"":"""",""public_domain"":""no"",""image_url"":""""}",19,15,"{""name"":""point"",""cx"":451,""cy"":880}",{}
01356B.jpg,236740,"{""caption"":"""",""public_domain"":""no"",""image_url"":""""}",19,16,"{""name"":""point"",""cx"":461,""cy"":893}",{}
01356B.jpg,236740,"{""caption"":"""",""public_domain"":""no"",""image_url"":""""}",19,17,"{""name"":""point"",""cx"":470,""cy"":854}",{}
01356B.jpg,236740,"{""caption"":"""",""public_domain"":""no"",""image_url"":""""}",19,18,"{""name"":""point"",""cx"":428,""cy"":829}",{}
01357B.jpg,230583,"{""caption"":"""",""public_domain"":""no"",""image_url"":""""}",19,0,"{""name"":""point"",""cx"":371,""cy"":806}",{}
01357B.jpg,230583,"{""caption"":"""",""public_domain"":""no"",""image_url"":""""}",19,1,"{""name"":""point"",""cx"":385,""cy"":806}",{}
01357B.jpg,230583,"{""caption"":"""",""public_domain"":""no"",""image_url"":""""}",19,2,"{""name"":""point"",""cx"":399,""cy"":809}",{}
01357B.jpg,230583,"{""caption"":"""",""public_domain"":""no"",""image_url"":""""}",19,3,"{""name"":""point"",""cx"":413,""cy"":815}",{}
01357B.jpg,230583,"{""caption"":"""",""public_domain"":""no"",""image_url"":""""}",19,4,"{""name"":""point"",""cx"":422,""cy"":826}",{}
01357B.jpg,230583,"{""caption"":"""",""public_domain"":""no"",""image_url"":""""}",19,5,"{""name"":""point"",""cx"":353,""cy"":865}",{}
01357B.jpg,230583,"{""caption"":"""",""public_domain"":""no"",""image_url"":""""}",19,6,"{""name"":""point"",""cx"":366,""cy"":863}",{}
01357B.jpg,230583,"{""caption"":"""",""public_domain"":""no"",""image_url"":""""}",19,7,"{""name"":""point"",""cx"":380,""cy"":867}",{}
01357B.jpg,230583,"{""caption"":"""",""public_domain"":""no"",""image_url"":""""}",19,8,"{""name"":""point"",""cx"":389,""cy"":876}",{}
01357B.jpg,230583,"{""caption"":"""",""public_domain"":""no"",""image_url"":""""}",19,9,"{""name"":""point"",""cx"":399,""cy"":887}",{}
01357B.jpg,230583,"{""caption"":"""",""public_domain"":""no"",""image_url"":""""}",19,10,"{""name"":""point"",""cx"":412,""cy"":834}",{}
01357B.jpg,230583,"{""caption"":"""",""public_domain"":""no"",""image_url"":""""}",19,11,"{""name"":""point"",""cx"":365,""cy"":813}",{}
01357B.jpg,230583,"{""caption"":"""",""public_domain"":""no"",""image_url"":""""}",19,12,"{""name"":""point"",""cx"":332,""cy"":920}",{}
01357B.jpg,230583,"{""caption"":"""",""public_domain"":""no"",""image_url"":""""}",19,13,"{""name"":""point"",""cx"":348,""cy"":920}",{}
01357B.jpg,230583,"{""caption"":"""",""public_domain"":""no"",""image_url"":""""}",19,14,"{""name"":""point"",""cx"":362,""cy"":926}",{}
01357B.jpg,230583,"{""caption"":"""",""public_domain"":""no"",""image_url"":""""}",19,15,"{""name"":""point"",""cx"":374,""cy"":936}",{}
01357B.jpg,230583,"{""caption"":"""",""public_domain"":""no"",""image_url"":""""}",19,16,"{""name"":""point"",""cx"":386,""cy"":945}",{}
01357B.jpg,230583,"{""caption"":"""",""public_domain"":""no"",""image_url"":""""}",19,17,"{""name"":""point"",""cx"":393,""cy"":896}",{}
01357B.jpg,230583,"{""caption"":"""",""public_domain"":""no"",""image_url"":""""}",19,18,"{""name"":""point"",""cx"":345,""cy"":874}",{}
01358B.jpg,267354,"{""caption"":"""",""public_domain"":""no"",""image_url"":""""}",19,0,"{""name"":""point"",""cx"":408,""cy"":764}",{}
01358B.jpg,267354,"{""caption"":"""",""public_domain"":""no"",""image_url"":""""}",19,1,"{""name"":""point"",""cx"":421,""cy"":761}",{}
01358B.jpg,267354,"{""caption"":"""",""public_domain"":""no"",""image_url"":""""}",19,2,"{""name"":""point"",""cx"":434,""cy"":763}",{}
01358B.jpg,267354,"{""caption"":"""",""public_domain"":""no"",""image_url"":""""}",19,3,"{""name"":""point"",""cx"":443,""cy"":767}",{}
01358B.jpg,267354,"{""caption"":"""",""public_domain"":""no"",""image_url"":""""}",19,4,"{""name"":""point"",""cx"":455,""cy"":774}",{}
01358B.jpg,267354,"{""caption"":"""",""public_domain"":""no"",""image_url"":""""}",19,5,"{""name"":""point"",""cx"":399,""cy"":828}",{}
01358B.jpg,267354,"{""caption"":"""",""public_domain"":""no"",""image_url"":""""}",19,6,"{""name"":""point"",""cx"":411,""cy"":826}",{}
01358B.jpg,267354,"{""caption"":"""",""public_domain"":""no"",""image_url"":""""}",19,7,"{""name"":""point"",""cx"":423,""cy"":827}",{}
01358B.jpg,267354,"{""caption"":"""",""public_domain"":""no"",""image_url"":""""}",19,8,"{""name"":""point"",""cx"":434,""cy"":837}",{}
01358B.jpg,267354,"{""caption"":"""",""public_domain"":""no"",""image_url"":""""}",19,9,"{""name"":""point"",""cx"":443,""cy"":847}",{}
01358B.jpg,267354,"{""caption"":"""",""public_domain"":""no"",""image_url"":""""}",19,10,"{""name"":""point"",""cx"":448,""cy"":793}",{}
01358B.jpg,267354,"{""caption"":"""",""public_domain"":""no"",""image_url"":""""}",19,11,"{""name"":""point"",""cx"":407,""cy"":771}",{}
01358B.jpg,267354,"{""caption"":"""",""public_domain"":""no"",""image_url"":""""}",19,12,"{""name"":""point"",""cx"":383,""cy"":887}",{}
01358B.jpg,267354,"{""caption"":"""",""public_domain"":""no"",""image_url"":""""}",19,13,"{""name"":""point"",""cx"":395,""cy"":884}",{}
01358B.jpg,267354,"{""caption"":"""",""public_domain"":""no"",""image_url"":""""}",19,14,"{""name"":""point"",""cx"":410,""cy"":886}",{}
01358B.jpg,267354,"{""caption"":"""",""public_domain"":""no"",""image_url"":""""}",19,15,"{""name"":""point"",""cx"":419,""cy"":895}",{}
01358B.jpg,267354,"{""caption"":"""",""public_domain"":""no"",""image_url"":""""}",19,16,"{""name"":""point"",""cx"":426,""cy"":908}",{}
01358B.jpg,267354,"{""caption"":"""",""public_domain"":""no"",""image_url"":""""}",19,17,"{""name"":""point"",""cx"":434,""cy"":856}",{}
01358B.jpg,267354,"{""caption"":"""",""public_domain"":""no"",""image_url"":""""}",19,18,"{""name"":""point"",""cx"":389,""cy"":837}",{}
01359B.jpg,225737,"{""caption"":"""",""public_domain"":""no"",""image_url"":""""}",19,0,"{""name"":""point"",""cx"":396,""cy"":786}",{}
01359B.jpg,225737,"{""caption"":"""",""public_domain"":""no"",""image_url"":""""}",19,1,"{""name"":""point"",""cx"":409,""cy"":786}",{}
01359B.jpg,225737,"{""caption"":"""",""public_domain"":""no"",""image_url"":""""}",19,2,"{""name"":""point"",""cx"":419,""cy"":790}",{}
01359B.jpg,225737,"{""caption"":"""",""public_domain"":""no"",""image_url"":""""}",19,3,"{""name"":""point"",""cx"":428,""cy"":796}",{}
01359B.jpg,225737,"{""caption"":"""",""public_domain"":""no"",""image_url"":""""}",19,4,"{""name"":""point"",""cx"":437,""cy"":804}",{}
01359B.jpg,225737,"{""caption"":"""",""public_domain"":""no"",""image_url"":""""}",19,5,"{""name"":""point"",""cx"":381,""cy"":851}",{}
01359B.jpg,225737,"{""caption"":"""",""public_domain"":""no"",""image_url"":""""}",19,6,"{""name"":""point"",""cx"":393,""cy"":848}",{}
01359B.jpg,225737,"{""caption"":"""",""public_domain"":""no"",""image_url"":""""}",19,7,"{""name"":""point"",""cx"":405,""cy"":852}",{}
01359B.jpg,225737,"{""caption"":"""",""public_domain"":""no"",""image_url"":""""}",19,8,"{""name"":""point"",""cx"":414,""cy"":861}",{}
01359B.jpg,225737,"{""caption"":"""",""public_domain"":""no"",""image_url"":""""}",19,9,"{""name"":""point"",""cx"":422,""cy"":872}",{}
01359B.jpg,225737,"{""caption"":"""",""public_domain"":""no"",""image_url"":""""}",19,10,"{""name"":""point"",""cx"":427,""cy"":816}",{}
01359B.jpg,225737,"{""caption"":"""",""public_domain"":""no"",""image_url"":""""}",19,11,"{""name"":""point"",""cx"":393,""cy"":797}",{}
01359B.jpg,225737,"{""caption"":"""",""public_domain"":""no"",""image_url"":""""}",19,12,"{""name"":""point"",""cx"":362,""cy"":911}",{}
01359B.jpg,225737,"{""caption"":"""",""public_domain"":""no"",""image_url"":""""}",19,13,"{""name"":""point"",""cx"":372,""cy"":910}",{}
01359B.jpg,225737,"{""caption"":"""",""public_domain"":""no"",""image_url"":""""}",19,14,"{""name"":""point"",""cx"":385,""cy"":912}",{}
01359B.jpg,225737,"{""caption"":"""",""public_domain"":""no"",""image_url"":""""}",19,15,"{""name"":""point"",""cx"":396,""cy"":919}",{}
01359B.jpg,225737,"{""caption"":"""",""public_domain"":""no"",""image_url"":""""}",19,16,"{""name"":""point"",""cx"":405,""cy"":931}",{}
01359B.jpg,225737,"{""caption"":"""",""public_domain"":""no"",""image_url"":""""}",19,17,"{""name"":""point"",""cx"":416,""cy"":885}",{}
01359B.jpg,225737,"{""caption"":"""",""public_domain"":""no"",""image_url"":""""}",19,18,"{""name"":""point"",""cx"":371,""cy"":860}",{}
01360B.jpg,243366,"{""caption"":"""",""public_domain"":""no"",""image_url"":""""}",19,0,"{""name"":""point"",""cx"":342,""cy"":716}",{}
01360B.jpg,243366,"{""caption"":"""",""public_domain"":""no"",""image_url"":""""}",19,1,"{""name"":""point"",""cx"":353,""cy"":713}",{}
01360B.jpg,243366,"{""caption"":"""",""public_domain"":""no"",""image_url"":""""}",19,2,"{""name"":""point"",""cx"":368,""cy"":715}",{}
01360B.jpg,243366,"{""caption"":"""",""public_domain"":""no"",""image_url"":""""}",19,3,"{""name"":""point"",""cx"":376,""cy"":722}",{}
01360B.jpg,243366,"{""caption"":"""",""public_domain"":""no"",""image_url"":""""}",19,4,"{""name"":""point"",""cx"":381,""cy"":733}",{}
01360B.jpg,243366,"{""caption"":"""",""public_domain"":""no"",""image_url"":""""}",19,5,"{""name"":""point"",""cx"":324,""cy"":777}",{}
01360B.jpg,243366,"{""caption"":"""",""public_domain"":""no"",""image_url"":""""}",19,6,"{""name"":""point"",""cx"":336,""cy"":775}",{}
01360B.jpg,243366,"{""caption"":"""",""public_domain"":""no"",""image_url"":""""}",19,7,"{""name"":""point"",""cx"":348,""cy"":781}",{}
01360B.jpg,243366,"{""caption"":"""",""public_domain"":""no"",""image_url"":""""}",19,8,"{""name"":""point"",""cx"":357,""cy"":788}",{}
01360B.jpg,243366,"{""caption"":"""",""public_domain"":""no"",""image_url"":""""}",19,9,"{""name"":""point"",""cx"":361,""cy"":799}",{}
01360B.jpg,243366,"{""caption"":"""",""public_domain"":""no"",""image_url"":""""}",19,10,"{""name"":""point"",""cx"":377,""cy"":748}",{}
01360B.jpg,243366,"{""caption"":"""",""public_domain"":""no"",""image_url"":""""}",19,11,"{""name"":""point"",""cx"":338,""cy"":727}",{}
01360B.jpg,243366,"{""caption"":"""",""public_domain"":""no"",""image_url"":""""}",19,12,"{""name"":""point"",""cx"":295,""cy"":829}",{}
01360B.jpg,243366,"{""caption"":"""",""public_domain"":""no"",""image_url"":""""}",19,13,"{""name"":""point"",""cx"":309,""cy"":830}",{}
01360B.jpg,243366,"{""caption"":"""",""public_domain"":""no"",""image_url"":""""}",19,14,"{""name"":""point"",""cx"":323,""cy"":834}",{}
01360B.jpg,243366,"{""caption"":"""",""public_domain"":""no"",""image_url"":""""}",19,15,"{""name"":""point"",""cx"":335,""cy"":843}",{}
01360B.jpg,243366,"{""caption"":"""",""public_domain"":""no"",""image_url"":""""}",19,16,"{""name"":""point"",""cx"":340,""cy"":856}",{}
01360B.jpg,243366,"{""caption"":"""",""public_domain"":""no"",""image_url"":""""}",19,17,"{""name"":""point"",""cx"":354,""cy"":811}",{}
01360B.jpg,243366,"{""caption"":"""",""public_domain"":""no"",""image_url"":""""}",19,18,"{""name"":""point"",""cx"":315,""cy"":786}",{}
01361B.jpg,234125,"{""caption"":"""",""public_domain"":""no"",""image_url"":""""}",19,0,"{""name"":""point"",""cx"":431,""cy"":771}",{}
01361B.jpg,234125,"{""caption"":"""",""public_domain"":""no"",""image_url"":""""}",19,1,"{""name"":""point"",""cx"":442,""cy"":768}",{}
01361B.jpg,234125,"{""caption"":"""",""public_domain"":""no"",""image_url"":""""}",19,2,"{""name"":""point"",""cx"":457,""cy"":769}",{}
01361B.jpg,234125,"{""caption"":"""",""public_domain"":""no"",""image_url"":""""}",19,3,"{""name"":""point"",""cx"":468,""cy"":774}",{}
01361B.jpg,234125,"{""caption"":"""",""public_domain"":""no"",""image_url"":""""}",19,4,"{""name"":""point"",""cx"":477,""cy"":781}",{}
01361B.jpg,234125,"{""caption"":"""",""public_domain"":""no"",""image_url"":""""}",19,5,"{""name"":""point"",""cx"":424,""cy"":839}",{}
01361B.jpg,234125,"{""caption"":"""",""public_domain"":""no"",""image_url"":""""}",19,6,"{""name"":""point"",""cx"":435,""cy"":835}",{}
01361B.jpg,234125,"{""caption"":"""",""public_domain"":""no"",""image_url"":""""}",19,7,"{""name"":""point"",""cx"":450,""cy"":833}",{}
01361B.jpg,234125,"{""caption"":"""",""public_domain"":""no"",""image_url"":""""}",19,8,"{""name"":""point"",""cx"":462,""cy"":838}",{}
01361B.jpg,234125,"{""caption"":"""",""public_domain"":""no"",""image_url"":""""}",19,9,"{""name"":""point"",""cx"":472,""cy"":845}",{}
01361B.jpg,234125,"{""caption"":"""",""public_domain"":""no"",""image_url"":""""}",19,10,"{""name"":""point"",""cx"":473,""cy"":801}",{}
01361B.jpg,234125,"{""caption"":"""",""public_domain"":""no"",""image_url"":""""}",19,11,"{""name"":""point"",""cx"":427,""cy"":784}",{}
01361B.jpg,234125,"{""caption"":"""",""public_domain"":""no"",""image_url"":""""}",19,12,"{""name"":""point"",""cx"":419,""cy"":901}",{}
01361B.jpg,234125,"{""caption"":"""",""public_domain"":""no"",""image_url"":""""}",19,13,"{""name"":""point"",""cx"":431,""cy"":897}",{}
01361B.jpg,234125,"{""caption"":"""",""public_domain"":""no"",""image_url"":""""}",19,14,"{""name"":""point"",""cx"":445,""cy"":897}",{}
01361B.jpg,234125,"{""caption"":"""",""public_domain"":""no"",""image_url"":""""}",19,15,"{""name"":""point"",""cx"":458,""cy"":903}",{}
01361B.jpg,234125,"{""caption"":"""",""public_domain"":""no"",""image_url"":""""}",19,16,"{""name"":""point"",""cx"":470,""cy"":908}",{}
01361B.jpg,234125,"{""caption"":"""",""public_domain"":""no"",""image_url"":""""}",19,17,"{""name"":""point"",""cx"":469,""cy"":863}",{}
01361B.jpg,234125,"{""caption"":"""",""public_domain"":""no"",""image_url"":""""}",19,18,"{""name"":""point"",""cx"":422,""cy"":849}",{}
01362B.jpg,248070,"{""caption"":"""",""public_domain"":""no"",""image_url"":""""}",19,0,"{""name"":""point"",""cx"":434,""cy"":764}",{}
01362B.jpg,248070,"{""caption"":"""",""public_domain"":""no"",""image_url"":""""}",19,1,"{""name"":""point"",""cx"":443,""cy"":758}",{}
01362B.jpg,248070,"{""caption"":"""",""public_domain"":""no"",""image_url"":""""}",19,2,"{""name"":""point"",""cx"":457,""cy"":758}",{}
01362B.jpg,248070,"{""caption"":"""",""public_domain"":""no"",""image_url"":""""}",19,3,"{""name"":""point"",""cx"":468,""cy"":762}",{}
01362B.jpg,248070,"{""caption"":"""",""public_domain"":""no"",""image_url"":""""}",19,4,"{""name"":""point"",""cx"":480,""cy"":768}",{}
01362B.jpg,248070,"{""caption"":"""",""public_domain"":""no"",""image_url"":""""}",19,5,"{""name"":""point"",""cx"":438,""cy"":825}",{}
01362B.jpg,248070,"{""caption"":"""",""public_domain"":""no"",""image_url"":""""}",19,6,"{""name"":""point"",""cx"":450,""cy"":818}",{}
01362B.jpg,248070,"{""caption"":"""",""public_domain"":""no"",""image_url"":""""}",19,7,"{""name"":""point"",""cx"":463,""cy"":816}",{}
01362B.jpg,248070,"{""caption"":"""",""public_domain"":""no"",""image_url"":""""}",19,8,"{""name"":""point"",""cx"":476,""cy"":823}",{}
01362B.jpg,248070,"{""caption"":"""",""public_domain"":""no"",""image_url"":""""}",19,9,"{""name"":""point"",""cx"":486,""cy"":829}",{}
01362B.jpg,248070,"{""caption"":"""",""public_domain"":""no"",""image_url"":""""}",19,10,"{""name"":""point"",""cx"":481,""cy"":783}",{}
01362B.jpg,248070,"{""caption"":"""",""public_domain"":""no"",""image_url"":""""}",19,11,"{""name"":""point"",""cx"":432,""cy"":772}",{}
01362B.jpg,248070,"{""caption"":"""",""public_domain"":""no"",""image_url"":""""}",19,12,"{""name"":""point"",""cx"":443,""cy"":885}",{}
01362B.jpg,248070,"{""caption"":"""",""public_domain"":""no"",""image_url"":""""}",19,13,"{""name"":""point"",""cx"":455,""cy"":875}",{}
01362B.jpg,248070,"{""caption"":"""",""public_domain"":""no"",""image_url"":""""}",19,14,"{""name"":""point"",""cx"":466,""cy"":874}",{}
01362B.jpg,248070,"{""caption"":"""",""public_domain"":""no"",""image_url"":""""}",19,15,"{""name"":""point"",""cx"":479,""cy"":879}",{}
01362B.jpg,248070,"{""caption"":"""",""public_domain"":""no"",""image_url"":""""}",19,16,"{""name"":""point"",""cx"":491,""cy"":886}",{}
01362B.jpg,248070,"{""caption"":"""",""public_domain"":""no"",""image_url"":""""}",19,17,"{""name"":""point"",""cx"":483,""cy"":841}",{}
01362B.jpg,248070,"{""caption"":"""",""public_domain"":""no"",""image_url"":""""}",19,18,"{""name"":""point"",""cx"":437,""cy"":833}",{}
01363B.jpg,238755,"{""caption"":"""",""public_domain"":""no"",""image_url"":""""}",19,0,"{""name"":""point"",""cx"":427,""cy"":761}",{}
01363B.jpg,238755,"{""caption"":"""",""public_domain"":""no"",""image_url"":""""}",19,1,"{""name"":""point"",""cx"":438,""cy"":757}",{}
01363B.jpg,238755,"{""caption"":"""",""public_domain"":""no"",""image_url"":""""}",19,2,"{""name"":""point"",""cx"":453,""cy"":760}",{}
01363B.jpg,238755,"{""caption"":"""",""public_domain"":""no"",""image_url"":""""}",19,3,"{""name"":""point"",""cx"":462,""cy"":769}",{}
01363B.jpg,238755,"{""caption"":"""",""public_domain"":""no"",""image_url"":""""}",19,4,"{""name"":""point"",""cx"":469,""cy"":777}",{}
01363B.jpg,238755,"{""caption"":"""",""public_domain"":""no"",""image_url"":""""}",19,5,"{""name"":""point"",""cx"":415,""cy"":816}",{}
01363B.jpg,238755,"{""caption"":"""",""public_domain"":""no"",""image_url"":""""}",19,6,"{""name"":""point"",""cx"":428,""cy"":813}",{}
01363B.jpg,238755,"{""caption"":"""",""public_domain"":""no"",""image_url"":""""}",19,7,"{""name"":""point"",""cx"":440,""cy"":815}",{}
01363B.jpg,238755,"{""caption"":"""",""public_domain"":""no"",""image_url"":""""}",19,8,"{""name"":""point"",""cx"":448,""cy"":823}",{}
01363B.jpg,238755,"{""caption"":"""",""public_domain"":""no"",""image_url"":""""}",19,9,"{""name"":""point"",""cx"":457,""cy"":834}",{}
01363B.jpg,238755,"{""caption"":"""",""public_domain"":""no"",""image_url"":""""}",19,10,"{""name"":""point"",""cx"":463,""cy"":789}",{}
01363B.jpg,238755,"{""caption"":"""",""public_domain"":""no"",""image_url"":""""}",19,11,"{""name"":""point"",""cx"":423,""cy"":768}",{}
01363B.jpg,238755,"{""caption"":"""",""public_domain"":""no"",""image_url"":""""}",19,12,"{""name"":""point"",""cx"":399,""cy"":871}",{}
01363B.jpg,238755,"{""caption"":"""",""public_domain"":""no"",""image_url"":""""}",19,13,"{""name"":""point"",""cx"":413,""cy"":869}",{}
01363B.jpg,238755,"{""caption"":"""",""public_domain"":""no"",""image_url"":""""}",19,14,"{""name"":""point"",""cx"":428,""cy"":873}",{}
01363B.jpg,238755,"{""caption"":"""",""public_domain"":""no"",""image_url"":""""}",19,15,"{""name"":""point"",""cx"":436,""cy"":879}",{}
01363B.jpg,238755,"{""caption"":"""",""public_domain"":""no"",""image_url"":""""}",19,16,"{""name"":""point"",""cx"":441,""cy"":888}",{}
01363B.jpg,238755,"{""caption"":"""",""public_domain"":""no"",""image_url"":""""}",19,17,"{""name"":""point"",""cx"":445,""cy"":844}",{}
01363B.jpg,238755,"{""caption"":"""",""public_domain"":""no"",""image_url"":""""}",19,18,"{""name"":""point"",""cx"":407,""cy"":823}",{}
01364B.jpg,213528,"{""caption"":"""",""public_domain"":""no"",""image_url"":""""}",19,0,"{""name"":""point"",""cx"":376,""cy"":769}",{}
01364B.jpg,213528,"{""caption"":"""",""public_domain"":""no"",""image_url"":""""}",19,1,"{""name"":""point"",""cx"":386,""cy"":767}",{}
01364B.jpg,213528,"{""caption"":"""",""public_domain"":""no"",""image_url"":""""}",19,2,"{""name"":""point"",""cx"":401,""cy"":771}",{}
01364B.jpg,213528,"{""caption"":"""",""public_domain"":""no"",""image_url"":""""}",19,3,"{""name"":""point"",""cx"":410,""cy"":778}",{}
01364B.jpg,213528,"{""caption"":"""",""public_domain"":""no"",""image_url"":""""}",19,4,"{""name"":""point"",""cx"":419,""cy"":787}",{}
01364B.jpg,213528,"{""caption"":"""",""public_domain"":""no"",""image_url"":""""}",19,5,"{""name"":""point"",""cx"":363,""cy"":833}",{}
01364B.jpg,213528,"{""caption"":"""",""public_domain"":""no"",""image_url"":""""}",19,6,"{""name"":""point"",""cx"":376,""cy"":832}",{}
01364B.jpg,213528,"{""caption"":"""",""public_domain"":""no"",""image_url"":""""}",19,7,"{""name"":""point"",""cx"":392,""cy"":836}",{}
01364B.jpg,213528,"{""caption"":"""",""public_domain"":""no"",""image_url"":""""}",19,8,"{""name"":""point"",""cx"":400,""cy"":845}",{}
01364B.jpg,213528,"{""caption"":"""",""public_domain"":""no"",""image_url"":""""}",19,9,"{""name"":""point"",""cx"":405,""cy"":855}",{}
01364B.jpg,213528,"{""caption"":"""",""public_domain"":""no"",""image_url"":""""}",19,10,"{""name"":""point"",""cx"":417,""cy"":807}",{}
01364B.jpg,213528,"{""caption"":"""",""public_domain"":""no"",""image_url"":""""}",19,11,"{""name"":""point"",""cx"":373,""cy"":783}",{}
01364B.jpg,213528,"{""caption"":"""",""public_domain"":""no"",""image_url"":""""}",19,12,"{""name"":""point"",""cx"":348,""cy"":893}",{}
01364B.jpg,213528,"{""caption"":"""",""public_domain"":""no"",""image_url"":""""}",19,13,"{""name"":""point"",""cx"":360,""cy"":888}",{}
01364B.jpg,213528,"{""caption"":"""",""public_domain"":""no"",""image_url"":""""}",19,14,"{""name"":""point"",""cx"":372,""cy"":889}",{}
01364B.jpg,213528,"{""caption"":"""",""public_domain"":""no"",""image_url"":""""}",19,15,"{""name"":""point"",""cx"":382,""cy"":897}",{}
01364B.jpg,213528,"{""caption"":"""",""public_domain"":""no"",""image_url"":""""}",19,16,"{""name"":""point"",""cx"":396,""cy"":909}",{}
01364B.jpg,213528,"{""caption"":"""",""public_domain"":""no"",""image_url"":""""}",19,17,"{""name"":""point"",""cx"":399,""cy"":867}",{}
01364B.jpg,213528,"{""caption"":"""",""public_domain"":""no"",""image_url"":""""}",19,18,"{""name"":""point"",""cx"":356,""cy"":843}",{}
01365B.jpg,236986,"{""caption"":"""",""public_domain"":""no"",""image_url"":""""}",19,0,"{""name"":""point"",""cx"":370,""cy"":756}",{}
01365B.jpg,236986,"{""caption"":"""",""public_domain"":""no"",""image_url"":""""}",19,1,"{""name"":""point"",""cx"":382,""cy"":756}",{}
01365B.jpg,236986,"{""caption"":"""",""public_domain"":""no"",""image_url"":""""}",19,2,"{""name"":""point"",""cx"":393,""cy"":758}",{}
01365B.jpg,236986,"{""caption"":"""",""public_domain"":""no"",""image_url"":""""}",19,3,"{""name"":""point"",""cx"":403,""cy"":764}",{}
01365B.jpg,236986,"{""caption"":"""",""public_domain"":""no"",""image_url"":""""}",19,4,"{""name"":""point"",""cx"":410,""cy"":773}",{}
01365B.jpg,236986,"{""caption"":"""",""public_domain"":""no"",""image_url"":""""}",19,5,"{""name"":""point"",""cx"":351,""cy"":820}",{}
01365B.jpg,236986,"{""caption"":"""",""public_domain"":""no"",""image_url"":""""}",19,6,"{""name"":""point"",""cx"":363,""cy"":818}",{}
01365B.jpg,236986,"{""caption"":"""",""public_domain"":""no"",""image_url"":""""}",19,7,"{""name"":""point"",""cx"":376,""cy"":819}",{}
01365B.jpg,236986,"{""caption"":"""",""public_domain"":""no"",""image_url"":""""}",19,8,"{""name"":""point"",""cx"":385,""cy"":825}",{}
01365B.jpg,236986,"{""caption"":"""",""public_domain"":""no"",""image_url"":""""}",19,9,"{""name"":""point"",""cx"":394,""cy"":835}",{}
01365B.jpg,236986,"{""caption"":"""",""public_domain"":""no"",""image_url"":""""}",19,10,"{""name"":""point"",""cx"":400,""cy"":787}",{}
01365B.jpg,236986,"{""caption"":"""",""public_domain"":""no"",""image_url"":""""}",19,11,"{""name"":""point"",""cx"":365,""cy"":768}",{}
01365B.jpg,236986,"{""caption"":"""",""public_domain"":""no"",""image_url"":""""}",19,12,"{""name"":""point"",""cx"":340,""cy"":881}",{}
01365B.jpg,236986,"{""caption"":"""",""public_domain"":""no"",""image_url"":""""}",19,13,"{""name"":""point"",""cx"":351,""cy"":879}",{}
01365B.jpg,236986,"{""caption"":"""",""public_domain"":""no"",""image_url"":""""}",19,14,"{""name"":""point"",""cx"":365,""cy"":880}",{}
01365B.jpg,236986,"{""caption"":"""",""public_domain"":""no"",""image_url"":""""}",19,15,"{""name"":""point"",""cx"":375,""cy"":885}",{}
01365B.jpg,236986,"{""caption"":"""",""public_domain"":""no"",""image_url"":""""}",19,16,"{""name"":""point"",""cx"":384,""cy"":893}",{}
01365B.jpg,236986,"{""caption"":"""",""public_domain"":""no"",""image_url"":""""}",19,17,"{""name"":""point"",""cx"":388,""cy"":851}",{}
01365B.jpg,236986,"{""caption"":"""",""public_domain"":""no"",""image_url"":""""}",19,18,"{""name"":""point"",""cx"":346,""cy"":829}",{}
01366B.jpg,246145,"{""caption"":"""",""public_domain"":""no"",""image_url"":""""}",19,0,"{""name"":""point"",""cx"":401,""cy"":771}",{}
01366B.jpg,246145,"{""caption"":"""",""public_domain"":""no"",""image_url"":""""}",19,1,"{""name"":""point"",""cx"":414,""cy"":765}",{}
01366B.jpg,246145,"{""caption"":"""",""public_domain"":""no"",""image_url"":""""}",19,2,"{""name"":""point"",""cx"":424,""cy"":766}",{}
01366B.jpg,246145,"{""caption"":"""",""public_domain"":""no"",""image_url"":""""}",19,3,"{""name"":""point"",""cx"":433,""cy"":770}",{}
01366B.jpg,246145,"{""caption"":"""",""public_domain"":""no"",""image_url"":""""}",19,4,"{""name"":""point"",""cx"":443,""cy"":775}",{}
01366B.jpg,246145,"{""caption"":"""",""public_domain"":""no"",""image_url"":""""}",19,5,"{""name"":""point"",""cx"":393,""cy"":830}",{}
01366B.jpg,246145,"{""caption"":"""",""public_domain"":""no"",""image_url"":""""}",19,6,"{""name"":""point"",""cx"":408,""cy"":827}",{}
01366B.jpg,246145,"{""caption"":"""",""public_domain"":""no"",""image_url"":""""}",19,7,"{""name"":""point"",""cx"":418,""cy"":831}",{}
01366B.jpg,246145,"{""caption"":"""",""public_domain"":""no"",""image_url"":""""}",19,8,"{""name"":""point"",""cx"":424,""cy"":838}",{}
01366B.jpg,246145,"{""caption"":"""",""public_domain"":""no"",""image_url"":""""}",19,9,"{""name"":""point"",""cx"":428,""cy"":847}",{}
01366B.jpg,246145,"{""caption"":"""",""public_domain"":""no"",""image_url"":""""}",19,10,"{""name"":""point"",""cx"":440,""cy"":794}",{}
01366B.jpg,246145,"{""caption"":"""",""public_domain"":""no"",""image_url"":""""}",19,11,"{""name"":""point"",""cx"":400,""cy"":780}",{}
01366B.jpg,246145,"{""caption"":"""",""public_domain"":""no"",""image_url"":""""}",19,12,"{""name"":""point"",""cx"":369,""cy"":882}",{}
01366B.jpg,246145,"{""caption"":"""",""public_domain"":""no"",""image_url"":""""}",19,13,"{""name"":""point"",""cx"":381,""cy"":882}",{}
01366B.jpg,246145,"{""caption"":"""",""public_domain"":""no"",""image_url"":""""}",19,14,"{""name"":""point"",""cx"":391,""cy"":887}",{}
01366B.jpg,246145,"{""caption"":"""",""public_domain"":""no"",""image_url"":""""}",19,15,"{""name"":""point"",""cx"":399,""cy"":897}",{}
01366B.jpg,246145,"{""caption"":"""",""public_domain"":""no"",""image_url"":""""}",19,16,"{""name"":""point"",""cx"":406,""cy"":908}",{}
01366B.jpg,246145,"{""caption"":"""",""public_domain"":""no"",""image_url"":""""}",19,17,"{""name"":""point"",""cx"":422,""cy"":858}",{}
01366B.jpg,246145,"{""caption"":"""",""public_domain"":""no"",""image_url"":""""}",19,18,"{""name"":""point"",""cx"":386,""cy"":835}",{}
01367B.jpg,244321,"{""caption"":"""",""public_domain"":""no"",""image_url"":""""}",19,0,"{""name"":""point"",""cx"":401,""cy"":792}",{}
01367B.jpg,244321,"{""caption"":"""",""public_domain"":""no"",""image_url"":""""}",19,1,"{""name"":""point"",""cx"":414,""cy"":790}",{}
01367B.jpg,244321,"{""caption"":"""",""public_domain"":""no"",""image_url"":""""}",19,2,"{""name"":""point"",""cx"":425,""cy"":793}",{}
01367B.jpg,244321,"{""caption"":"""",""public_domain"":""no"",""image_url"":""""}",19,3,"{""name"":""point"",""cx"":436,""cy"":801}",{}
01367B.jpg,244321,"{""caption"":"""",""public_domain"":""no"",""image_url"":""""}",19,4,"{""name"":""point"",""cx"":444,""cy"":809}",{}
01367B.jpg,244321,"{""caption"":"""",""public_domain"":""no"",""image_url"":""""}",19,5,"{""name"":""point"",""cx"":387,""cy"":850}",{}
01367B.jpg,244321,"{""caption"":"""",""public_domain"":""no"",""image_url"":""""}",19,6,"{""name"":""point"",""cx"":399,""cy"":847}",{}
01367B.jpg,244321,"{""caption"":"""",""public_domain"":""no"",""image_url"":""""}",19,7,"{""name"":""point"",""cx"":414,""cy"":853}",{}
01367B.jpg,244321,"{""caption"":"""",""public_domain"":""no"",""image_url"":""""}",19,8,"{""name"":""point"",""cx"":420,""cy"":860}",{}
01367B.jpg,244321,"{""caption"":"""",""public_domain"":""no"",""image_url"":""""}",19,9,"{""name"":""point"",""cx"":427,""cy"":870}",{}
01367B.jpg,244321,"{""caption"":"""",""public_domain"":""no"",""image_url"":""""}",19,10,"{""name"":""point"",""cx"":436,""cy"":821}",{}
01367B.jpg,244321,"{""caption"":"""",""public_domain"":""no"",""image_url"":""""}",19,11,"{""name"":""point"",""cx"":393,""cy"":801}",{}
01367B.jpg,244321,"{""caption"":"""",""public_domain"":""no"",""image_url"":""""}",19,12,"{""name"":""point"",""cx"":373,""cy"":906}",{}
01367B.jpg,244321,"{""caption"":"""",""public_domain"":""no"",""image_url"":""""}",19,13,"{""name"":""point"",""cx"":387,""cy"":903}",{}
01367B.jpg,244321,"{""caption"":"""",""public_domain"":""no"",""image_url"":""""}",19,14,"{""name"":""point"",""cx"":398,""cy"":906}",{}
01367B.jpg,244321,"{""caption"":"""",""public_domain"":""no"",""image_url"":""""}",19,15,"{""name"":""point"",""cx"":406,""cy"":913}",{}
01367B.jpg,244321,"{""caption"":"""",""public_domain"":""no"",""image_url"":""""}",19,16,"{""name"":""point"",""cx"":414,""cy"":922}",{}
01367B.jpg,244321,"{""caption"":"""",""public_domain"":""no"",""image_url"":""""}",19,17,"{""name"":""point"",""cx"":423,""cy"":881}",{}
01367B.jpg,244321,"{""caption"":"""",""public_domain"":""no"",""image_url"":""""}",19,18,"{""name"":""point"",""cx"":378,""cy"":857}",{}
01368B.jpg,241178,"{""caption"":"""",""public_domain"":""no"",""image_url"":""""}",19,0,"{""name"":""point"",""cx"":382,""cy"":784}",{}
01368B.jpg,241178,"{""caption"":"""",""public_domain"":""no"",""image_url"":""""}",19,1,"{""name"":""point"",""cx"":394,""cy"":783}",{}
01368B.jpg,241178,"{""caption"":"""",""public_domain"":""no"",""image_url"":""""}",19,2,"{""name"":""point"",""cx"":409,""cy"":788}",{}
01368B.jpg,241178,"{""caption"":"""",""public_domain"":""no"",""image_url"":""""}",19,3,"{""name"":""point"",""cx"":420,""cy"":795}",{}
01368B.jpg,241178,"{""caption"":"""",""public_domain"":""no"",""image_url"":""""}",19,4,"{""name"":""point"",""cx"":428,""cy"":801}",{}
01368B.jpg,241178,"{""caption"":"""",""public_domain"":""no"",""image_url"":""""}",19,5,"{""name"":""point"",""cx"":367,""cy"":839}",{}
01368B.jpg,241178,"{""caption"":"""",""public_domain"":""no"",""image_url"":""""}",19,6,"{""name"":""point"",""cx"":378,""cy"":838}",{}
01368B.jpg,241178,"{""caption"":"""",""public_domain"":""no"",""image_url"":""""}",19,7,"{""name"":""point"",""cx"":389,""cy"":841}",{}
01368B.jpg,241178,"{""caption"":"""",""public_domain"":""no"",""image_url"":""""}",19,8,"{""name"":""point"",""cx"":399,""cy"":851}",{}
01368B.jpg,241178,"{""caption"":"""",""public_domain"":""no"",""image_url"":""""}",19,9,"{""name"":""point"",""cx"":408,""cy"":862}",{}
01368B.jpg,241178,"{""caption"":"""",""public_domain"":""no"",""image_url"":""""}",19,10,"{""name"":""point"",""cx"":417,""cy"":810}",{}
01368B.jpg,241178,"{""caption"":"""",""public_domain"":""no"",""image_url"":""""}",19,11,"{""name"":""point"",""cx"":378,""cy"":792}",{}
01368B.jpg,241178,"{""caption"":"""",""public_domain"":""no"",""image_url"":""""}",19,12,"{""name"":""point"",""cx"":352,""cy"":896}",{}
01368B.jpg,241178,"{""caption"":"""",""public_domain"":""no"",""image_url"":""""}",19,13,"{""name"":""point"",""cx"":364,""cy"":893}",{}
01368B.jpg,241178,"{""caption"":"""",""public_domain"":""no"",""image_url"":""""}",19,14,"{""name"":""point"",""cx"":379,""cy"":897}",{}
01368B.jpg,241178,"{""caption"":"""",""public_domain"":""no"",""image_url"":""""}",19,15,"{""name"":""point"",""cx"":388,""cy"":905}",{}
01368B.jpg,241178,"{""caption"":"""",""public_domain"":""no"",""image_url"":""""}",19,16,"{""name"":""point"",""cx"":398,""cy"":917}",{}
01368B.jpg,241178,"{""caption"":"""",""public_domain"":""no"",""image_url"":""""}",19,17,"{""name"":""point"",""cx"":399,""cy"":868}",{}
01368B.jpg,241178,"{""caption"":"""",""public_domain"":""no"",""image_url"":""""}",19,18,"{""name"":""point"",""cx"":360,""cy"":849}",{}
01369B.jpg,265772,"{""caption"":"""",""public_domain"":""no"",""image_url"":""""}",19,0,"{""name"":""point"",""cx"":438,""cy"":742}",{}
01369B.jpg,265772,"{""caption"":"""",""public_domain"":""no"",""image_url"":""""}",19,1,"{""name"":""point"",""cx"":449,""cy"":737}",{}
01369B.jpg,265772,"{""caption"":"""",""public_domain"":""no"",""image_url"":""""}",19,2,"{""name"":""point"",""cx"":463,""cy"":736}",{}
01369B.jpg,265772,"{""caption"":"""",""public_domain"":""no"",""image_url"":""""}",19,3,"{""name"":""point"",""cx"":475,""cy"":741}",{}
01369B.jpg,265772,"{""caption"":"""",""public_domain"":""no"",""image_url"":""""}",19,4,"{""name"":""point"",""cx"":487,""cy"":752}",{}
01369B.jpg,265772,"{""caption"":"""",""public_domain"":""no"",""image_url"":""""}",19,5,"{""name"":""point"",""cx"":431,""cy"":797}",{}
01369B.jpg,265772,"{""caption"":"""",""public_domain"":""no"",""image_url"":""""}",19,6,"{""name"":""point"",""cx"":446,""cy"":795}",{}
01369B.jpg,265772,"{""caption"":"""",""public_domain"":""no"",""image_url"":""""}",19,7,"{""name"":""point"",""cx"":461,""cy"":800}",{}
01369B.jpg,265772,"{""caption"":"""",""public_domain"":""no"",""image_url"":""""}",19,8,"{""name"":""point"",""cx"":469,""cy"":809}",{}
01369B.jpg,265772,"{""caption"":"""",""public_domain"":""no"",""image_url"":""""}",19,9,"{""name"":""point"",""cx"":477,""cy"":819}",{}
01369B.jpg,265772,"{""caption"":"""",""public_domain"":""no"",""image_url"":""""}",19,10,"{""name"":""point"",""cx"":489,""cy"":766}",{}
01369B.jpg,265772,"{""caption"":"""",""public_domain"":""no"",""image_url"":""""}",19,11,"{""name"":""point"",""cx"":435,""cy"":751}",{}
01369B.jpg,265772,"{""caption"":"""",""public_domain"":""no"",""image_url"":""""}",19,12,"{""name"":""point"",""cx"":410,""cy"":857}",{}
01369B.jpg,265772,"{""caption"":"""",""public_domain"":""no"",""image_url"":""""}",19,13,"{""name"":""point"",""cx"":423,""cy"":854}",{}
01369B.jpg,265772,"{""caption"":"""",""public_domain"":""no"",""image_url"":""""}",19,14,"{""name"":""point"",""cx"":439,""cy"":856}",{}
01369B.jpg,265772,"{""caption"":"""",""public_domain"":""no"",""image_url"":""""}",19,15,"{""name"":""point"",""cx"":449,""cy"":865}",{}
01369B.jpg,265772,"{""caption"":"""",""public_domain"":""no"",""image_url"":""""}",19,16,"{""name"":""point"",""cx"":462,""cy"":878}",{}
01369B.jpg,265772,"{""caption"":"""",""public_domain"":""no"",""image_url"":""""}",19,17,"{""name"":""point"",""cx"":470,""cy"":832}",{}
01369B.jpg,265772,"{""caption"":"""",""public_domain"":""no"",""image_url"":""""}",19,18,"{""name"":""point"",""cx"":426,""cy"":808}",{}
01370B.jpg,224415,"{""caption"":"""",""public_domain"":""no"",""image_url"":""""}",19,0,"{""name"":""point"",""cx"":393,""cy"":766}",{}
01370B.jpg,224415,"{""caption"":"""",""public_domain"":""no"",""image_url"":""""}",19,1,"{""name"":""point"",""cx"":404,""cy"":767}",{}
01370B.jpg,224415,"{""caption"":"""",""public_domain"":""no"",""image_url"":""""}",19,2,"{""name"":""point"",""cx"":413,""cy"":771}",{}
01370B.jpg,224415,"{""caption"":"""",""public_domain"":""no"",""image_url"":""""}",19,3,"{""name"":""point"",""cx"":426,""cy"":778}",{}
01370B.jpg,224415,"{""caption"":"""",""public_domain"":""no"",""image_url"":""""}",19,4,"{""name"":""point"",""cx"":439,""cy"":787}",{}
01370B.jpg,224415,"{""caption"":"""",""public_domain"":""no"",""image_url"":""""}",19,5,"{""name"":""point"",""cx"":382,""cy"":830}",{}
01370B.jpg,224415,"{""caption"":"""",""public_domain"":""no"",""image_url"":""""}",19,6,"{""name"":""point"",""cx"":394,""cy"":828}",{}
01370B.jpg,224415,"{""caption"":"""",""public_domain"":""no"",""image_url"":""""}",19,7,"{""name"":""point"",""cx"":407,""cy"":831}",{}
01370B.jpg,224415,"{""caption"":"""",""public_domain"":""no"",""image_url"":""""}",19,8,"{""name"":""point"",""cx"":418,""cy"":838}",{}
01370B.jpg,224415,"{""caption"":"""",""public_domain"":""no"",""image_url"":""""}",19,9,"{""name"":""point"",""cx"":428,""cy"":847}",{}
01370B.jpg,224415,"{""caption"":"""",""public_domain"":""no"",""image_url"":""""}",19,10,"{""name"":""point"",""cx"":434,""cy"":805}",{}
01370B.jpg,224415,"{""caption"":"""",""public_domain"":""no"",""image_url"":""""}",19,11,"{""name"":""point"",""cx"":388,""cy"":778}",{}
01370B.jpg,224415,"{""caption"":"""",""public_domain"":""no"",""image_url"":""""}",19,12,"{""name"":""point"",""cx"":376,""cy"":895}",{}
01370B.jpg,224415,"{""caption"":"""",""public_domain"":""no"",""image_url"":""""}",19,13,"{""name"":""point"",""cx"":387,""cy"":891}",{}
01370B.jpg,224415,"{""caption"":"""",""public_domain"":""no"",""image_url"":""""}",19,14,"{""name"":""point"",""cx"":403,""cy"":893}",{}
01370B.jpg,224415,"{""caption"":"""",""public_domain"":""no"",""image_url"":""""}",19,15,"{""name"":""point"",""cx"":414,""cy"":899}",{}
01370B.jpg,224415,"{""caption"":"""",""public_domain"":""no"",""image_url"":""""}",19,16,"{""name"":""point"",""cx"":422,""cy"":904}",{}
01370B.jpg,224415,"{""caption"":"""",""public_domain"":""no"",""image_url"":""""}",19,17,"{""name"":""point"",""cx"":423,""cy"":861}",{}
01370B.jpg,224415,"{""caption"":"""",""public_domain"":""no"",""image_url"":""""}",19,18,"{""name"":""point"",""cx"":378,""cy"":845}",{}
01371B.jpg,209570,"{""caption"":"""",""public_domain"":""no"",""image_url"":""""}",19,0,"{""name"":""point"",""cx"":261,""cy"":796}",{}
01371B.jpg,209570,"{""caption"":"""",""public_domain"":""no"",""image_url"":""""}",19,1,"{""name"":""point"",""cx"":272,""cy"":793}",{}
01371B.jpg,209570,"{""caption"":"""",""public_domain"":""no"",""image_url"":""""}",19,2,"{""name"":""point"",""cx"":286,""cy"":796}",{}
01371B.jpg,209570,"{""caption"":"""",""public_domain"":""no"",""image_url"":""""}",19,3,"{""name"":""point"",""cx"":296,""cy"":798}",{}
01371B.jpg,209570,"{""caption"":"""",""public_domain"":""no"",""image_url"":""""}",19,4,"{""name"":""point"",""cx"":307,""cy"":806}",{}
01371B.jpg,209570,"{""caption"":"""",""public_domain"":""no"",""image_url"":""""}",19,5,"{""name"":""point"",""cx"":252,""cy"":865}",{}
01371B.jpg,209570,"{""caption"":"""",""public_domain"":""no"",""image_url"":""""}",19,6,"{""name"":""point"",""cx"":265,""cy"":862}",{}
01371B.jpg,209570,"{""caption"":"""",""public_domain"":""no"",""image_url"":""""}",19,7,"{""name"":""point"",""cx"":278,""cy"":863}",{}
01371B.jpg,209570,"{""caption"":"""",""public_domain"":""no"",""image_url"":""""}",19,8,"{""name"":""point"",""cx"":288,""cy"":869}",{}
01371B.jpg,209570,"{""caption"":"""",""public_domain"":""no"",""image_url"":""""}",19,9,"{""name"":""point"",""cx"":295,""cy"":876}",{}
01371B.jpg,209570,"{""caption"":"""",""public_domain"":""no"",""image_url"":""""}",19,10,"{""name"":""point"",""cx"":298,""cy"":814}",{}
01371B.jpg,209570,"{""caption"":"""",""public_domain"":""no"",""image_url"":""""}",19,11,"{""name"":""point"",""cx"":260,""cy"":805}",{}
01371B.jpg,209570,"{""caption"":"""",""public_domain"":""no"",""image_url"":""""}",19,12,"{""name"":""point"",""cx"":241,""cy"":937}",{}
01371B.jpg,209570,"{""caption"":"""",""public_domain"":""no"",""image_url"":""""}",19,13,"{""name"":""point"",""cx"":257,""cy"":931}",{}
01371B.jpg,209570,"{""caption"":"""",""public_domain"":""no"",""image_url"":""""}",19,14,"{""name"":""point"",""cx"":269,""cy"":934}",{}
01371B.jpg,209570,"{""caption"":"""",""public_domain"":""no"",""image_url"":""""}",19,15,"{""name"":""point"",""cx"":279,""cy"":940}",{}
01371B.jpg,209570,"{""caption"":"""",""public_domain"":""no"",""image_url"":""""}",19,16,"{""name"":""point"",""cx"":287,""cy"":949}",{}
01371B.jpg,209570,"{""caption"":"""",""public_domain"":""no"",""image_url"":""""}",19,17,"{""name"":""point"",""cx"":292,""cy"":892}",{}
01371B.jpg,209570,"{""caption"":"""",""public_domain"":""no"",""image_url"":""""}",19,18,"{""name"":""point"",""cx"":250,""cy"":876}",{}
01372B.jpg,243287,"{""caption"":"""",""public_domain"":""no"",""image_url"":""""}",19,0,"{""name"":""point"",""cx"":398,""cy"":785}",{}
01372B.jpg,243287,"{""caption"":"""",""public_domain"":""no"",""image_url"":""""}",19,1,"{""name"":""point"",""cx"":409,""cy"":781}",{}
01372B.jpg,243287,"{""caption"":"""",""public_domain"":""no"",""image_url"":""""}",19,2,"{""name"":""point"",""cx"":424,""cy"":782}",{}
01372B.jpg,243287,"{""caption"":"""",""public_domain"":""no"",""image_url"":""""}",19,3,"{""name"":""point"",""cx"":436,""cy"":786}",{}
01372B.jpg,243287,"{""caption"":"""",""public_domain"":""no"",""image_url"":""""}",19,4,"{""name"":""point"",""cx"":448,""cy"":793}",{}
01372B.jpg,243287,"{""caption"":"""",""public_domain"":""no"",""image_url"":""""}",19,5,"{""name"":""point"",""cx"":395,""cy"":866}",{}
01372B.jpg,243287,"{""caption"":"""",""public_domain"":""no"",""image_url"":""""}",19,6,"{""name"":""point"",""cx"":410,""cy"":861}",{}
01372B.jpg,243287,"{""caption"":"""",""public_domain"":""no"",""image_url"":""""}",19,7,"{""name"":""point"",""cx"":425,""cy"":860}",{}
01372B.jpg,243287,"{""caption"":"""",""public_domain"":""no"",""image_url"":""""}",19,8,"{""name"":""point"",""cx"":435,""cy"":864}",{}
01372B.jpg,243287,"{""caption"":"""",""public_domain"":""no"",""image_url"":""""}",19,9,"{""name"":""point"",""cx"":448,""cy"":869}",{}
01372B.jpg,243287,"{""caption"":"""",""public_domain"":""no"",""image_url"":""""}",19,10,"{""name"":""point"",""cx"":442,""cy"":811}",{}
01372B.jpg,243287,"{""caption"":"""",""public_domain"":""no"",""image_url"":""""}",19,11,"{""name"":""point"",""cx"":393,""cy"":800}",{}
01372B.jpg,243287,"{""caption"":"""",""public_domain"":""no"",""image_url"":""""}",19,12,"{""name"":""point"",""cx"":393,""cy"":937}",{}
01372B.jpg,243287,"{""caption"":"""",""public_domain"":""no"",""image_url"":""""}",19,13,"{""name"":""point"",""cx"":405,""cy"":931}",{}
01372B.jpg,243287,"{""caption"":"""",""public_domain"":""no"",""image_url"":""""}",19,14,"{""name"":""point"",""cx"":418,""cy"":929}",{}
01372B.jpg,243287,"{""caption"":"""",""public_domain"":""no"",""image_url"":""""}",19,15,"{""name"":""point"",""cx"":431,""cy"":933}",{}
01372B.jpg,243287,"{""caption"":"""",""public_domain"":""no"",""image_url"":""""}",19,16,"{""name"":""point"",""cx"":442,""cy"":941}",{}
01372B.jpg,243287,"{""caption"":"""",""public_domain"":""no"",""image_url"":""""}",19,17,"{""name"":""point"",""cx"":444,""cy"":895}",{}
01372B.jpg,243287,"{""caption"":"""",""public_domain"":""no"",""image_url"":""""}",19,18,"{""name"":""point"",""cx"":391,""cy"":871}",{}
01373B.jpg,270713,"{""caption"":"""",""public_domain"":""no"",""image_url"":""""}",19,0,"{""name"":""point"",""cx"":381,""cy"":813}",{}
01373B.jpg,270713,"{""caption"":"""",""public_domain"":""no"",""image_url"":""""}",19,1,"{""name"":""point"",""cx"":395,""cy"":811}",{}
01373B.jpg,270713,"{""caption"":"""",""public_domain"":""no"",""image_url"":""""}",19,2,"{""name"":""point"",""cx"":411,""cy"":816}",{}
01373B.jpg,270713,"{""caption"":"""",""public_domain"":""no"",""image_url"":""""}",19,3,"{""name"":""point"",""cx"":424,""cy"":822}",{}
01373B.jpg,270713,"{""caption"":"""",""public_domain"":""no"",""image_url"":""""}",19,4,"{""name"":""point"",""cx"":434,""cy"":831}",{}
01373B.jpg,270713,"{""caption"":"""",""public_domain"":""no"",""image_url"":""""}",19,5,"{""name"":""point"",""cx"":371,""cy"":889}",{}
01373B.jpg,270713,"{""caption"":"""",""public_domain"":""no"",""image_url"":""""}",19,6,"{""name"":""point"",""cx"":387,""cy"":885}",{}
01373B.jpg,270713,"{""caption"":"""",""public_domain"":""no"",""image_url"":""""}",19,7,"{""name"":""point"",""cx"":404,""cy"":888}",{}
01373B.jpg,270713,"{""caption"":"""",""public_domain"":""no"",""image_url"":""""}",19,8,"{""name"":""point"",""cx"":418,""cy"":895}",{}
01373B.jpg,270713,"{""caption"":"""",""public_domain"":""no"",""image_url"":""""}",19,9,"{""name"":""point"",""cx"":428,""cy"":905}",{}
01373B.jpg,270713,"{""caption"":"""",""public_domain"":""no"",""image_url"":""""}",19,10,"{""name"":""point"",""cx"":433,""cy"":846}",{}
01373B.jpg,270713,"{""caption"":"""",""public_domain"":""no"",""image_url"":""""}",19,11,"{""name"":""point"",""cx"":375,""cy"":827}",{}
01373B.jpg,270713,"{""caption"":"""",""public_domain"":""no"",""image_url"":""""}",19,12,"{""name"":""point"",""cx"":361,""cy"":964}",{}
01373B.jpg,270713,"{""caption"":"""",""public_domain"":""no"",""image_url"":""""}",19,13,"{""name"":""point"",""cx"":378,""cy"":959}",{}
01373B.jpg,270713,"{""caption"":"""",""public_domain"":""no"",""image_url"":""""}",19,14,"{""name"":""point"",""cx"":393,""cy"":961}",{}
01373B.jpg,270713,"{""caption"":"""",""public_domain"":""no"",""image_url"":""""}",19,15,"{""name"":""point"",""cx"":408,""cy"":968}",{}
01373B.jpg,270713,"{""caption"":"""",""public_domain"":""no"",""image_url"":""""}",19,16,"{""name"":""point"",""cx"":418,""cy"":979}",{}
01373B.jpg,270713,"{""caption"":"""",""public_domain"":""no"",""image_url"":""""}",19,17,"{""name"":""point"",""cx"":422,""cy"":920}",{}
01373B.jpg,270713,"{""caption"":"""",""public_domain"":""no"",""image_url"":""""}",19,18,"{""name"":""point"",""cx"":362,""cy"":900}",{}
01374B.jpg,244342,"{""caption"":"""",""public_domain"":""no"",""image_url"":""""}",19,0,"{""name"":""point"",""cx"":402,""cy"":771}",{}
01374B.jpg,244342,"{""caption"":"""",""public_domain"":""no"",""image_url"":""""}",19,1,"{""name"":""point"",""cx"":416,""cy"":769}",{}
01374B.jpg,244342,"{""caption"":"""",""public_domain"":""no"",""image_url"":""""}",19,2,"{""name"":""point"",""cx"":429,""cy"":774}",{}
01374B.jpg,244342,"{""caption"":"""",""public_domain"":""no"",""image_url"":""""}",19,3,"{""name"":""point"",""cx"":440,""cy"":781}",{}
01374B.jpg,244342,"{""caption"":"""",""public_domain"":""no"",""image_url"":""""}",19,4,"{""name"":""point"",""cx"":447,""cy"":791}",{}
01374B.jpg,244342,"{""caption"":"""",""public_domain"":""no"",""image_url"":""""}",19,5,"{""name"":""point"",""cx"":387,""cy"":831}",{}
01374B.jpg,244342,"{""caption"":"""",""public_domain"":""no"",""image_url"":""""}",19,6,"{""name"":""point"",""cx"":400,""cy"":829}",{}
01374B.jpg,244342,"{""caption"":"""",""public_domain"":""no"",""image_url"":""""}",19,7,"{""name"":""point"",""cx"":415,""cy"":831}",{}
01374B.jpg,244342,"{""caption"":"""",""public_domain"":""no"",""image_url"":""""}",19,8,"{""name"":""point"",""cx"":424,""cy"":839}",{}
01374B.jpg,244342,"{""caption"":"""",""public_domain"":""no"",""image_url"":""""}",19,9,"{""name"":""point"",""cx"":436,""cy"":850}",{}
01374B.jpg,244342,"{""caption"":"""",""public_domain"":""no"",""image_url"":""""}",19,10,"{""name"":""point"",""cx"":439,""cy"":799}",{}
01374B.jpg,244342,"{""caption"":"""",""public_domain"":""no"",""image_url"":""""}",19,11,"{""name"":""point"",""cx"":398,""cy"":781}",{}
01374B.jpg,244342,"{""caption"":"""",""public_domain"":""no"",""image_url"":""""}",19,12,"{""name"":""point"",""cx"":377,""cy"":888}",{}
01374B.jpg,244342,"{""caption"":"""",""public_domain"":""no"",""image_url"":""""}",19,13,"{""name"":""point"",""cx"":393,""cy"":885}",{}
01374B.jpg,244342,"{""caption"":"""",""public_domain"":""no"",""image_url"":""""}",19,14,"{""name"":""point"",""cx"":409,""cy"":888}",{}
01374B.jpg,244342,"{""caption"":"""",""public_domain"":""no"",""image_url"":""""}",19,15,"{""name"":""point"",""cx"":417,""cy"":894}",{}
01374B.jpg,244342,"{""caption"":"""",""public_domain"":""no"",""image_url"":""""}",19,16,"{""name"":""point"",""cx"":428,""cy"":905}",{}
01374B.jpg,244342,"{""caption"":"""",""public_domain"":""no"",""image_url"":""""}",19,17,"{""name"":""point"",""cx"":428,""cy"":860}",{}
01374B.jpg,244342,"{""caption"":"""",""public_domain"":""no"",""image_url"":""""}",19,18,"{""name"":""point"",""cx"":385,""cy"":843}",{}
01375B.jpg,267539,"{""caption"":"""",""public_domain"":""no"",""image_url"":""""}",19,0,"{""name"":""point"",""cx"":389,""cy"":795}",{}
01375B.jpg,267539,"{""caption"":"""",""public_domain"":""no"",""image_url"":""""}",19,1,"{""name"":""point"",""cx"":402,""cy"":789}",{}
01375B.jpg,267539,"{""caption"":"""",""public_domain"":""no"",""image_url"":""""}",19,2,"{""name"":""point"",""cx"":417,""cy"":791}",{}
01375B.jpg,267539,"{""caption"":"""",""public_domain"":""no"",""image_url"":""""}",19,3,"{""name"":""point"",""cx"":429,""cy"":796}",{}
01375B.jpg,267539,"{""caption"":"""",""public_domain"":""no"",""image_url"":""""}",19,4,"{""name"":""point"",""cx"":441,""cy"":805}",{}
01375B.jpg,267539,"{""caption"":"""",""public_domain"":""no"",""image_url"":""""}",19,5,"{""name"":""point"",""cx"":390,""cy"":864}",{}
01375B.jpg,267539,"{""caption"":"""",""public_domain"":""no"",""image_url"":""""}",19,6,"{""name"":""point"",""cx"":402,""cy"":862}",{}
01375B.jpg,267539,"{""caption"":"""",""public_domain"":""no"",""image_url"":""""}",19,7,"{""name"":""point"",""cx"":417,""cy"":862}",{}
01375B.jpg,267539,"{""caption"":"""",""public_domain"":""no"",""image_url"":""""}",19,8,"{""name"":""point"",""cx"":427,""cy"":868}",{}
01375B.jpg,267539,"{""caption"":"""",""public_domain"":""no"",""image_url"":""""}",19,9,"{""name"":""point"",""cx"":436,""cy"":874}",{}
01375B.jpg,267539,"{""caption"":"""",""public_domain"":""no"",""image_url"":""""}",19,10,"{""name"":""point"",""cx"":438,""cy"":822}",{}
01375B.jpg,267539,"{""caption"":"""",""public_domain"":""no"",""image_url"":""""}",19,11,"{""name"":""point"",""cx"":383,""cy"":807}",{}
01375B.jpg,267539,"{""caption"":"""",""public_domain"":""no"",""image_url"":""""}",19,12,"{""name"":""point"",""cx"":378,""cy"":932}",{}
01375B.jpg,267539,"{""caption"":"""",""public_domain"":""no"",""image_url"":""""}",19,13,"{""name"":""point"",""cx"":393,""cy"":931}",{}
01375B.jpg,267539,"{""caption"":"""",""public_domain"":""no"",""image_url"":""""}",19,14,"{""name"":""point"",""cx"":408,""cy"":932}",{}
01375B.jpg,267539,"{""caption"":"""",""public_domain"":""no"",""image_url"":""""}",19,15,"{""name"":""point"",""cx"":418,""cy"":937}",{}
01375B.jpg,267539,"{""caption"":"""",""public_domain"":""no"",""image_url"":""""}",19,16,"{""name"":""point"",""cx"":426,""cy"":948}",{}
01375B.jpg,267539,"{""caption"":"""",""public_domain"":""no"",""image_url"":""""}",19,17,"{""name"":""point"",""cx"":430,""cy"":891}",{}
01375B.jpg,267539,"{""caption"":"""",""public_domain"":""no"",""image_url"":""""}",19,18,"{""name"":""point"",""cx"":379,""cy"":871}",{}
01376B.jpg,233776,"{""caption"":"""",""public_domain"":""no"",""image_url"":""""}",19,0,"{""name"":""point"",""cx"":436,""cy"":804}",{}
01376B.jpg,233776,"{""caption"":"""",""public_domain"":""no"",""image_url"":""""}",19,1,"{""name"":""point"",""cx"":449,""cy"":801}",{}
01376B.jpg,233776,"{""caption"":"""",""public_domain"":""no"",""image_url"":""""}",19,2,"{""name"":""point"",""cx"":465,""cy"":805}",{}
01376B.jpg,233776,"{""caption"":"""",""public_domain"":""no"",""image_url"":""""}",19,3,"{""name"":""point"",""cx"":477,""cy"":812}",{}
01376B.jpg,233776,"{""caption"":"""",""public_domain"":""no"",""image_url"":""""}",19,4,"{""name"":""point"",""cx"":488,""cy"":821}",{}
01376B.jpg,233776,"{""caption"":"""",""public_domain"":""no"",""image_url"":""""}",19,5,"{""name"":""point"",""cx"":431,""cy"":874}",{}
01376B.jpg,233776,"{""caption"":"""",""public_domain"":""no"",""image_url"":""""}",19,6,"{""name"":""point"",""cx"":443,""cy"":870}",{}
01376B.jpg,233776,"{""caption"":"""",""public_domain"":""no"",""image_url"":""""}",19,7,"{""name"":""point"",""cx"":457,""cy"":870}",{}
01376B.jpg,233776,"{""caption"":"""",""public_domain"":""no"",""image_url"":""""}",19,8,"{""name"":""point"",""cx"":469,""cy"":874}",{}
01376B.jpg,233776,"{""caption"":"""",""public_domain"":""no"",""image_url"":""""}",19,9,"{""name"":""point"",""cx"":484,""cy"":881}",{}
01376B.jpg,233776,"{""caption"":"""",""public_domain"":""no"",""image_url"":""""}",19,10,"{""name"":""point"",""cx"":484,""cy"":834}",{}
01376B.jpg,233776,"{""caption"":"""",""public_domain"":""no"",""image_url"":""""}",19,11,"{""name"":""point"",""cx"":436,""cy"":817}",{}
01376B.jpg,233776,"{""caption"":"""",""public_domain"":""no"",""image_url"":""""}",19,12,"{""name"":""point"",""cx"":430,""cy"":937}",{}
01376B.jpg,233776,"{""caption"":"""",""public_domain"":""no"",""image_url"":""""}",19,13,"{""name"":""point"",""cx"":443,""cy"":934}",{}
01376B.jpg,233776,"{""caption"":"""",""public_domain"":""no"",""image_url"":""""}",19,14,"{""name"":""point"",""cx"":460,""cy"":934}",{}
01376B.jpg,233776,"{""caption"":"""",""public_domain"":""no"",""image_url"":""""}",19,15,"{""name"":""point"",""cx"":474,""cy"":936}",{}
01376B.jpg,233776,"{""caption"":"""",""public_domain"":""no"",""image_url"":""""}",19,16,"{""name"":""point"",""cx"":490,""cy"":941}",{}
01376B.jpg,233776,"{""caption"":"""",""public_domain"":""no"",""image_url"":""""}",19,17,"{""name"":""point"",""cx"":481,""cy"":898}",{}
01376B.jpg,233776,"{""caption"":"""",""public_domain"":""no"",""image_url"":""""}",19,18,"{""name"":""point"",""cx"":430,""cy"":883}",{}
01377B.jpg,253438,"{""caption"":"""",""public_domain"":""no"",""image_url"":""""}",19,0,"{""name"":""point"",""cx"":432,""cy"":785}",{}
01377B.jpg,253438,"{""caption"":"""",""public_domain"":""no"",""image_url"":""""}",19,1,"{""name"":""point"",""cx"":447,""cy"":779}",{}
01377B.jpg,253438,"{""caption"":"""",""public_domain"":""no"",""image_url"":""""}",19,2,"{""name"":""point"",""cx"":462,""cy"":782}",{}
01377B.jpg,253438,"{""caption"":"""",""public_domain"":""no"",""image_url"":""""}",19,3,"{""name"":""point"",""cx"":472,""cy"":787}",{}
01377B.jpg,253438,"{""caption"":"""",""public_domain"":""no"",""image_url"":""""}",19,4,"{""name"":""point"",""cx"":482,""cy"":798}",{}
01377B.jpg,253438,"{""caption"":"""",""public_domain"":""no"",""image_url"":""""}",19,5,"{""name"":""point"",""cx"":427,""cy"":847}",{}
01377B.jpg,253438,"{""caption"":"""",""public_domain"":""no"",""image_url"":""""}",19,6,"{""name"":""point"",""cx"":438,""cy"":845}",{}
01377B.jpg,253438,"{""caption"":"""",""public_domain"":""no"",""image_url"":""""}",19,7,"{""name"":""point"",""cx"":453,""cy"":845}",{}
01377B.jpg,253438,"{""caption"":"""",""public_domain"":""no"",""image_url"":""""}",19,8,"{""name"":""point"",""cx"":465,""cy"":851}",{}
01377B.jpg,253438,"{""caption"":"""",""public_domain"":""no"",""image_url"":""""}",19,9,"{""name"":""point"",""cx"":476,""cy"":861}",{}
01377B.jpg,253438,"{""caption"":"""",""public_domain"":""no"",""image_url"":""""}",19,10,"{""name"":""point"",""cx"":478,""cy"":813}",{}
01377B.jpg,253438,"{""caption"":"""",""public_domain"":""no"",""image_url"":""""}",19,11,"{""name"":""point"",""cx"":430,""cy"":794}",{}
01377B.jpg,253438,"{""caption"":"""",""public_domain"":""no"",""image_url"":""""}",19,12,"{""name"":""point"",""cx"":419,""cy"":911}",{}
01377B.jpg,253438,"{""caption"":"""",""public_domain"":""no"",""image_url"":""""}",19,13,"{""name"":""point"",""cx"":432,""cy"":907}",{}
01377B.jpg,253438,"{""caption"":"""",""public_domain"":""no"",""image_url"":""""}",19,14,"{""name"":""point"",""cx"":451,""cy"":908}",{}
01377B.jpg,253438,"{""caption"":"""",""public_domain"":""no"",""image_url"":""""}",19,15,"{""name"":""point"",""cx"":461,""cy"":914}",{}
01377B.jpg,253438,"{""caption"":"""",""public_domain"":""no"",""image_url"":""""}",19,16,"{""name"":""point"",""cx"":472,""cy"":920}",{}
01377B.jpg,253438,"{""caption"":"""",""public_domain"":""no"",""image_url"":""""}",19,17,"{""name"":""point"",""cx"":471,""cy"":874}",{}
01377B.jpg,253438,"{""caption"":"""",""public_domain"":""no"",""image_url"":""""}",19,18,"{""name"":""point"",""cx"":420,""cy"":856}",{}
01378B.jpg,256855,"{""caption"":"""",""public_domain"":""no"",""image_url"":""""}",19,0,"{""name"":""point"",""cx"":428,""cy"":769}",{}
01378B.jpg,256855,"{""caption"":"""",""public_domain"":""no"",""image_url"":""""}",19,1,"{""name"":""point"",""cx"":440,""cy"":769}",{}
01378B.jpg,256855,"{""caption"":"""",""public_domain"":""no"",""image_url"":""""}",19,2,"{""name"":""point"",""cx"":454,""cy"":775}",{}
01378B.jpg,256855,"{""caption"":"""",""public_domain"":""no"",""image_url"":""""}",19,3,"{""name"":""point"",""cx"":467,""cy"":783}",{}
01378B.jpg,256855,"{""caption"":"""",""public_domain"":""no"",""image_url"":""""}",19,4,"{""name"":""point"",""cx"":479,""cy"":788}",{}
01378B.jpg,256855,"{""caption"":"""",""public_domain"":""no"",""image_url"":""""}",19,5,"{""name"":""point"",""cx"":432,""cy"":840}",{}
01378B.jpg,256855,"{""caption"":"""",""public_domain"":""no"",""image_url"":""""}",19,6,"{""name"":""point"",""cx"":444,""cy"":834}",{}
01378B.jpg,256855,"{""caption"":"""",""public_domain"":""no"",""image_url"":""""}",19,7,"{""name"":""point"",""cx"":458,""cy"":834}",{}
01378B.jpg,256855,"{""caption"":"""",""public_domain"":""no"",""image_url"":""""}",19,8,"{""name"":""point"",""cx"":468,""cy"":839}",{}
01378B.jpg,256855,"{""caption"":"""",""public_domain"":""no"",""image_url"":""""}",19,9,"{""name"":""point"",""cx"":479,""cy"":846}",{}
01378B.jpg,256855,"{""caption"":"""",""public_domain"":""no"",""image_url"":""""}",19,10,"{""name"":""point"",""cx"":477,""cy"":803}",{}
01378B.jpg,256855,"{""caption"":"""",""public_domain"":""no"",""image_url"":""""}",19,11,"{""name"":""point"",""cx"":430,""cy"":787}",{}
01378B.jpg,256855,"{""caption"":"""",""public_domain"":""no"",""image_url"":""""}",19,12,"{""name"":""point"",""cx"":436,""cy"":898}",{}
01378B.jpg,256855,"{""caption"":"""",""public_domain"":""no"",""image_url"":""""}",19,13,"{""name"":""point"",""cx"":447,""cy"":891}",{}
01378B.jpg,256855,"{""caption"":"""",""public_domain"":""no"",""image_url"":""""}",19,14,"{""name"":""point"",""cx"":461,""cy"":891}",{}
01378B.jpg,256855,"{""caption"":"""",""public_domain"":""no"",""image_url"":""""}",19,15,"{""name"":""point"",""cx"":474,""cy"":895}",{}
01378B.jpg,256855,"{""caption"":"""",""public_domain"":""no"",""image_url"":""""}",19,16,"{""name"":""point"",""cx"":484,""cy"":904}",{}
01378B.jpg,256855,"{""caption"":"""",""public_domain"":""no"",""image_url"":""""}",19,17,"{""name"":""point"",""cx"":481,""cy"":864}",{}
01378B.jpg,256855,"{""caption"":"""",""public_domain"":""no"",""image_url"":""""}",19,18,"{""name"":""point"",""cx"":433,""cy"":846}",{}
01379B.jpg,270451,"{""caption"":"""",""public_domain"":""no"",""image_url"":""""}",19,0,"{""name"":""point"",""cx"":380,""cy"":755}",{}
01379B.jpg,270451,"{""caption"":"""",""public_domain"":""no"",""image_url"":""""}",19,1,"{""name"":""point"",""cx"":392,""cy"":758}",{}
01379B.jpg,270451,"{""caption"":"""",""public_domain"":""no"",""image_url"":""""}",19,2,"{""name"":""point"",""cx"":404,""cy"":767}",{}
01379B.jpg,270451,"{""caption"":"""",""public_domain"":""no"",""image_url"":""""}",19,3,"{""name"":""point"",""cx"":414,""cy"":779}",{}
01379B.jpg,270451,"{""caption"":"""",""public_domain"":""no"",""image_url"":""""}",19,4,"{""name"":""point"",""cx"":421,""cy"":790}",{}
01379B.jpg,270451,"{""caption"":"""",""public_domain"":""no"",""image_url"":""""}",19,5,"{""name"":""point"",""cx"":342,""cy"":821}",{}
01379B.jpg,270451,"{""caption"":"""",""public_domain"":""no"",""image_url"":""""}",19,6,"{""name"":""point"",""cx"":357,""cy"":822}",{}
01379B.jpg,270451,"{""caption"":"""",""public_domain"":""no"",""image_url"":""""}",19,7,"{""name"":""point"",""cx"":370,""cy"":831}",{}
01379B.jpg,270451,"{""caption"":"""",""public_domain"":""no"",""image_url"":""""}",19,8,"{""name"":""point"",""cx"":378,""cy"":842}",{}
01379B.jpg,270451,"{""caption"":"""",""public_domain"":""no"",""image_url"":""""}",19,9,"{""name"":""point"",""cx"":384,""cy"":855}",{}
01379B.jpg,270451,"{""caption"":"""",""public_domain"":""no"",""image_url"":""""}",19,10,"{""name"":""point"",""cx"":410,""cy"":796}",{}
01379B.jpg,270451,"{""caption"":"""",""public_domain"":""no"",""image_url"":""""}",19,11,"{""name"":""point"",""cx"":372,""cy"":765}",{}
01379B.jpg,270451,"{""caption"":"""",""public_domain"":""no"",""image_url"":""""}",19,12,"{""name"":""point"",""cx"":308,""cy"":881}",{}
01379B.jpg,270451,"{""caption"":"""",""public_domain"":""no"",""image_url"":""""}",19,13,"{""name"":""point"",""cx"":322,""cy"":883}",{}
01379B.jpg,270451,"{""caption"":"""",""public_domain"":""no"",""image_url"":""""}",19,14,"{""name"":""point"",""cx"":331,""cy"":889}",{}
01379B.jpg,270451,"{""caption"":"""",""public_domain"":""no"",""image_url"":""""}",19,15,"{""name"":""point"",""cx"":342,""cy"":899}",{}
01379B.jpg,270451,"{""caption"":"""",""public_domain"":""no"",""image_url"":""""}",19,16,"{""name"":""point"",""cx"":352,""cy"":916}",{}
01379B.jpg,270451,"{""caption"":"""",""public_domain"":""no"",""image_url"":""""}",19,17,"{""name"":""point"",""cx"":376,""cy"":862}",{}
01379B.jpg,270451,"{""caption"":"""",""public_domain"":""no"",""image_url"":""""}",19,18,"{""name"":""point"",""cx"":331,""cy"":824}",{}
01380B.jpg,255816,"{""caption"":"""",""public_domain"":""no"",""image_url"":""""}",19,0,"{""name"":""point"",""cx"":406,""cy"":810}",{}
01380B.jpg,255816,"{""caption"":"""",""public_domain"":""no"",""image_url"":""""}",19,1,"{""name"":""point"",""cx"":417,""cy"":809}",{}
01380B.jpg,255816,"{""caption"":"""",""public_domain"":""no"",""image_url"":""""}",19,2,"{""name"":""point"",""cx"":431,""cy"":809}",{}
01380B.jpg,255816,"{""caption"":"""",""public_domain"":""no"",""image_url"":""""}",19,3,"{""name"":""point"",""cx"":442,""cy"":813}",{}
01380B.jpg,255816,"{""caption"":"""",""public_domain"":""no"",""image_url"":""""}",19,4,"{""name"":""point"",""cx"":451,""cy"":819}",{}
01380B.jpg,255816,"{""caption"":"""",""public_domain"":""no"",""image_url"":""""}",19,5,"{""name"":""point"",""cx"":398,""cy"":871}",{}
01380B.jpg,255816,"{""caption"":"""",""public_domain"":""no"",""image_url"":""""}",19,6,"{""name"":""point"",""cx"":409,""cy"":869}",{}
01380B.jpg,255816,"{""caption"":"""",""public_domain"":""no"",""image_url"":""""}",19,7,"{""name"":""point"",""cx"":422,""cy"":870}",{}
01380B.jpg,255816,"{""caption"":"""",""public_domain"":""no"",""image_url"":""""}",19,8,"{""name"":""point"",""cx"":434,""cy"":875}",{}
01380B.jpg,255816,"{""caption"":"""",""public_domain"":""no"",""image_url"":""""}",19,9,"{""name"":""point"",""cx"":446,""cy"":881}",{}
01380B.jpg,255816,"{""caption"":"""",""public_domain"":""no"",""image_url"":""""}",19,10,"{""name"":""point"",""cx"":449,""cy"":835}",{}
01380B.jpg,255816,"{""caption"":"""",""public_domain"":""no"",""image_url"":""""}",19,11,"{""name"":""point"",""cx"":401,""cy"":818}",{}
01380B.jpg,255816,"{""caption"":"""",""public_domain"":""no"",""image_url"":""""}",19,12,"{""name"":""point"",""cx"":389,""cy"":934}",{}
01380B.jpg,255816,"{""caption"":"""",""public_domain"":""no"",""image_url"":""""}",19,13,"{""name"":""point"",""cx"":402,""cy"":932}",{}
01380B.jpg,255816,"{""caption"":"""",""public_domain"":""no"",""image_url"":""""}",19,14,"{""name"":""point"",""cx"":415,""cy"":934}",{}
01380B.jpg,255816,"{""caption"":"""",""public_domain"":""no"",""image_url"":""""}",19,15,"{""name"":""point"",""cx"":427,""cy"":937}",{}
01380B.jpg,255816,"{""caption"":"""",""public_domain"":""no"",""image_url"":""""}",19,16,"{""name"":""point"",""cx"":438,""cy"":943}",{}
01380B.jpg,255816,"{""caption"":"""",""public_domain"":""no"",""image_url"":""""}",19,17,"{""name"":""point"",""cx"":439,""cy"":895}",{}
01380B.jpg,255816,"{""caption"":"""",""public_domain"":""no"",""image_url"":""""}",19,18,"{""name"":""point"",""cx"":395,""cy"":880}",{}